portal_id,old_figure_count,new_figure_count,status
252802691950,N/A,N/A,SKIPPED_NO_MEDIA
252802691951,2,15,MODIFIED
252802691952,2,87,MODIFIED
252802691953,2,0,MODIFIED
252802691954,2,2,UNCHANGED
252802691955,2,0,MODIFIED
252802691956,2,2,UNCHANGED
252802691957,2,9,MODIFIED
252802691958,2,42,MODIFIED
252802691959,N/A,N/A,SKIPPED_NO_MEDIA
252802691960,2,2,UNCHANGED
252802691961,N/A,N/A,SKIPPED_NO_MEDIA
252802691962,2,2,UNCHANGED
252802691963,N/A,N/A,SKIPPED_NO_MEDIA
252802691964,N/A,N/A,SKIPPED_NO_MEDIA
252802691965,N/A,N/A,SKIPPED_NO_MEDIA
252802691966,N/A,N/A,SKIPPED_NO_MEDIA
252802691967,2,21,MODIFIED
252802691968,N/A,N/A,SKIPPED_NO_MEDIA
252802691969,N/A,N/A,SKIPPED_NO_MEDIA
252802691970,2,5,MODIFIED
252802691971,2,24,MODIFIED
252802691972,2,0,MODIFIED
252802691973,2,4,MODIFIED
252802691974,2,39,MODIFIED
252802691975,N/A,N/A,SKIPPED_NO_MEDIA
252802691976,N/A,N/A,SKIPPED_NO_MEDIA
252802691977,2,29,MODIFIED
252802691978,2,4,MODIFIED
252802691979,2,1,MODIFIED
252802691980,2,1,MODIFIED
252802691981,2,2,UNCHANGED
252802691982,2,55,MODIFIED
252802691983,2,33,MODIFIED
252802691984,N/A,N/A,SKIPPED_NO_MEDIA
252802691985,N/A,N/A,SKIPPED_NO_MEDIA
252802691986,2,1,MODIFIED
252802691987,2,62,MODIFIED
252802691988,N/A,N/A,SKIPPED_NO_MEDIA
252802691989,N/A,N/A,SKIPPED_NO_MEDIA
252802691990,N/A,N/A,SKIPPED_NO_MEDIA
252802691991,2,1,MODIFIED
252802691992,N/A,N/A,SKIPPED_NO_MEDIA
252802691993,N/A,N/A,SKIPPED_NO_MEDIA
252802691994,2,0,MODIFIED
252802691995,2,12,MODIFIED
252802691996,N/A,N/A,SKIPPED_NO_MEDIA
252802691997,N/A,N/A,SKIPPED_NO_MEDIA
252802691998,N/A,N/A,SKIPPED_NO_MEDIA
252802691999,2,0,MODIFIED
252802692000,N/A,N/A,SKIPPED_NO_MEDIA
252802692001,2,1,MODIFIED
252802692002,N/A,N/A,SKIPPED_NO_MEDIA
252802692003,N/A,N/A,SKIPPED_NO_MEDIA
252802692004,2,3,MODIFIED
252802692005,N/A,N/A,SKIPPED_NO_MEDIA
252802692006,2,1,MODIFIED
252802692007,N/A,N/A,SKIPPED_NO_MEDIA
252802692008,N/A,N/A,SKIPPED_NO_MEDIA
252802692009,N/A,N/A,SKIPPED_NO_MEDIA
252802692010,N/A,N/A,SKIPPED_NO_MEDIA
252802692011,N/A,N/A,SKIPPED_NO_MEDIA
252802692012,2,11,MODIFIED
252802692013,2,2,UNCHANGED
252802692014,2,7,MODIFIED
252802692015,N/A,N/A,SKIPPED_NO_MEDIA
252802692016,N/A,N/A,SKIPPED_NO_MEDIA
252802692017,2,0,MODIFIED
252802692018,N/A,N/A,SKIPPED_NO_MEDIA
252802692019,N/A,N/A,SKIPPED_NO_MEDIA
252802692020,N/A,N/A,SKIPPED_NO_MEDIA
252802692021,N/A,N/A,SKIPPED_NO_MEDIA
252802692022,2,11,MODIFIED
252802692023,N/A,N/A,SKIPPED_NO_MEDIA
252802692024,2,24,MODIFIED
252802692025,2,0,MODIFIED
252802692026,2,58,MODIFIED
252802692027,2,12,MODIFIED
252802692028,2,6,MODIFIED
252802692029,2,5,MODIFIED
252802692030,2,6,MODIFIED
252802692031,2,4,MODIFIED
252802692032,N/A,N/A,SKIPPED_NO_MEDIA
252802692033,2,12,MODIFIED
252802692034,2,4,MODIFIED
252802692035,2,23,MODIFIED
252802692036,2,1,MODIFIED
252802692037,N/A,N/A,SKIPPED_NO_MEDIA
252802692038,N/A,N/A,SKIPPED_NO_MEDIA
252802692039,N/A,N/A,SKIPPED_NO_MEDIA
252802692040,N/A,N/A,SKIPPED_NO_MEDIA
252802692041,N/A,N/A,SKIPPED_NO_MEDIA
252802692042,N/A,N/A,SKIPPED_NO_MEDIA
252802692043,N/A,N/A,SKIPPED_NO_MEDIA
252802692044,N/A,N/A,SKIPPED_NO_MEDIA
252802692045,2,1,MODIFIED
252802692046,2,12,MODIFIED
252802692047,2,82,MODIFIED
252802692048,2,0,MODIFIED
252802692049,2,12,MODIFIED
252802692050,N/A,N/A,SKIPPED_NO_MEDIA
252802692051,N/A,N/A,SKIPPED_NO_MEDIA
252802692052,N/A,N/A,SKIPPED_NO_MEDIA
252802692053,N/A,N/A,SKIPPED_NO_MEDIA
252802692054,N/A,N/A,SKIPPED_NO_MEDIA
252802692055,N/A,N/A,SKIPPED_NO_MEDIA
252802692056,N/A,N/A,SKIPPED_NO_MEDIA
252802692057,2,1,MODIFIED
252802692058,2,0,MODIFIED
252802692059,N/A,N/A,SKIPPED_NO_MEDIA
252802692060,N/A,N/A,SKIPPED_NO_MEDIA
252802692061,2,14,MODIFIED
252802692062,N/A,N/A,SKIPPED_NO_MEDIA
252802692063,N/A,N/A,SKIPPED_NO_MEDIA
252802692064,2,1,MODIFIED
252802692065,2,2,UNCHANGED
252802692066,2,8,MODIFIED
252802692067,N/A,N/A,SKIPPED_NO_MEDIA
252802692068,2,2,UNCHANGED
252802692069,2,2,UNCHANGED
252802692070,N/A,N/A,SKIPPED_NO_MEDIA
252802692071,N/A,N/A,SKIPPED_NO_MEDIA
252802692072,N/A,N/A,SKIPPED_NO_MEDIA
252802692073,2,0,MODIFIED
252802692074,N/A,N/A,SKIPPED_NO_MEDIA
252802692075,N/A,N/A,SKIPPED_NO_MEDIA
252802692076,N/A,N/A,SKIPPED_NO_MEDIA
252802692077,N/A,N/A,SKIPPED_NO_MEDIA
252802692078,N/A,N/A,SKIPPED_NO_MEDIA
252802692079,2,0,MODIFIED
252802692080,2,0,MODIFIED
252802692081,2,8,MODIFIED
252802692082,N/A,N/A,SKIPPED_NO_MEDIA
252802692083,2,41,MODIFIED
252802692084,2,1,MODIFIED
252802692085,2,0,MODIFIED
252802692086,N/A,N/A,SKIPPED_NO_MEDIA
252802692087,2,10,MODIFIED
252802692088,N/A,N/A,SKIPPED_NO_MEDIA
252802692089,N/A,N/A,SKIPPED_NO_MEDIA
252802692090,N/A,N/A,SKIPPED_NO_MEDIA
252802692091,N/A,N/A,SKIPPED_NO_MEDIA
252802692092,2,0,MODIFIED
252802692093,2,0,MODIFIED
252802692094,N/A,N/A,SKIPPED_NO_MEDIA
252802692095,N/A,N/A,SKIPPED_NO_MEDIA
252802692096,N/A,N/A,SKIPPED_NO_MEDIA
252802692097,2,1,MODIFIED
252802692098,N/A,N/A,SKIPPED_NO_MEDIA
252802692099,N/A,N/A,SKIPPED_NO_MEDIA
252802692100,2,11,MODIFIED
252802692101,N/A,N/A,SKIPPED_NO_MEDIA
252802692102,2,1,MODIFIED
252802692103,2,1,MODIFIED
252802692104,2,0,MODIFIED
252802692105,N/A,N/A,SKIPPED_NO_MEDIA
252802692106,N/A,N/A,SKIPPED_NO_MEDIA
252802692107,N/A,N/A,SKIPPED_NO_MEDIA
252802692108,2,47,MODIFIED
252802692109,N/A,N/A,SKIPPED_NO_MEDIA
252802692110,2,0,MODIFIED
252802692111,2,3,MODIFIED
252802692112,2,6,MODIFIED
252802692113,N/A,N/A,SKIPPED_NO_MEDIA
252802692114,N/A,N/A,SKIPPED_NO_MEDIA
252802692115,N/A,N/A,SKIPPED_NO_MEDIA
252802692116,N/A,N/A,SKIPPED_NO_MEDIA
252802692117,2,8,MODIFIED
252802692118,2,1,MODIFIED
252802692119,N/A,N/A,SKIPPED_NO_MEDIA
252802692120,N/A,N/A,SKIPPED_NO_MEDIA
252802692121,N/A,N/A,SKIPPED_NO_MEDIA
252802692122,2,1,MODIFIED
252802692123,2,4,MODIFIED
252802692124,N/A,N/A,SKIPPED_NO_MEDIA
252802692125,N/A,N/A,SKIPPED_NO_MEDIA
252802692126,N/A,N/A,SKIPPED_NO_MEDIA
252802692127,2,1,MODIFIED
252802692128,N/A,N/A,SKIPPED_NO_MEDIA
252802692129,2,5,MODIFIED
252802692130,N/A,N/A,SKIPPED_NO_MEDIA
252802692131,2,5,MODIFIED
252802692132,2,0,MODIFIED
252802692133,2,0,MODIFIED
252802692134,2,6,MODIFIED
252802692135,N/A,N/A,SKIPPED_NO_MEDIA
252802692136,N/A,N/A,SKIPPED_NO_MEDIA
252802692137,2,2,UNCHANGED
252802692138,N/A,N/A,SKIPPED_NO_MEDIA
252802692139,2,3,MODIFIED
252802692140,2,33,MODIFIED
252802692141,N/A,N/A,SKIPPED_NO_MEDIA
252802692142,2,27,MODIFIED
252802692143,N/A,N/A,SKIPPED_NO_MEDIA
252802692144,2,12,MODIFIED
252802692145,2,3,MODIFIED
252802692146,N/A,N/A,SKIPPED_NO_MEDIA
252802692148,2,1,MODIFIED
